,missing_files
0,/srv/data/twitter_sentiment/2013/bert_sentiment_2013_1_01_00.csv.gz
1,/srv/data/twitter_sentiment/2013/bert_sentiment_2013_1_01_07.csv.gz
2,/srv/data/twitter_sentiment/2013/bert_sentiment_2013_1_01_08.csv.gz
3,/srv/data/twitter_sentiment/2013/bert_sentiment_2013_1_01_09.csv.gz
4,/srv/data/twitter_sentiment/2013/bert_sentiment_2013_1_01_10.csv.gz
5,/srv/data/twitter_sentiment/2013/bert_sentiment_2013_1_01_12.csv.gz
6,/srv/data/twitter_sentiment/2013/bert_sentiment_2013_1_01_14.csv.gz
7,/srv/data/twitter_sentiment/2013/bert_sentiment_2013_1_01_17.csv.gz
8,/srv/data/twitter_sentiment/2013/bert_sentiment_2013_1_01_18.csv.gz
9,/srv/data/twitter_sentiment/2013/bert_sentiment_2013_1_01_21.csv.gz
10,/srv/data/twitter_sentiment/2013/bert_sentiment_2013_1_01_22.csv.gz
11,/srv/data/twitter_sentiment/2013/bert_sentiment_2013_1_01_23.csv.gz
12,/srv/data/twitter_sentiment/2013/bert_sentiment_2013_1_02_00.csv.gz
13,/srv/data/twitter_sentiment/2013/bert_sentiment_2013_1_02_01.csv.gz
14,/srv/data/twitter_sentiment/2013/bert_sentiment_2013_1_02_02.csv.gz
15,/srv/data/twitter_sentiment/2013/bert_sentiment_2013_1_02_03.csv.gz
16,/srv/data/twitter_sentiment/2013/bert_sentiment_2013_1_02_04.csv.gz
17,/srv/data/twitter_sentiment/2013/bert_sentiment_2013_1_02_05.csv.gz
18,/srv/data/twitter_sentiment/2013/bert_sentiment_2013_1_02_06.csv.gz
19,/srv/data/twitter_sentiment/2013/bert_sentiment_2013_1_02_07.csv.gz
20,/srv/data/twitter_sentiment/2013/bert_sentiment_2013_1_02_09.csv.gz
21,/srv/data/twitter_sentiment/2013/bert_sentiment_2013_1_02_12.csv.gz
22,/srv/data/twitter_sentiment/2013/bert_sentiment_2013_1_02_14.csv.gz
23,/srv/data/twitter_sentiment/2013/bert_sentiment_2013_1_02_17.csv.gz
24,/srv/data/twitter_sentiment/2013/bert_sentiment_2013_1_02_18.csv.gz
25,/srv/data/twitter_sentiment/2013/bert_sentiment_2013_1_02_21.csv.gz
26,/srv/data/twitter_sentiment/2013/bert_sentiment_2013_1_02_23.csv.gz
27,/srv/data/twitter_sentiment/2013/bert_sentiment_2013_1_07_23.csv.gz
28,/srv/data/twitter_sentiment/2013/bert_sentiment_2013_1_08_00.csv.gz
29,/srv/data/twitter_sentiment/2013/bert_sentiment_2013_1_08_06.csv.gz
30,/srv/data/twitter_sentiment/2013/bert_sentiment_2013_1_08_08.csv.gz
31,/srv/data/twitter_sentiment/2013/bert_sentiment_2013_1_08_11.csv.gz
32,/srv/data/twitter_sentiment/2013/bert_sentiment_2013_1_08_12.csv.gz
33,/srv/data/twitter_sentiment/2013/bert_sentiment_2013_1_08_13.csv.gz
34,/srv/data/twitter_sentiment/2013/bert_sentiment_2013_1_08_16.csv.gz
35,/srv/data/twitter_sentiment/2013/bert_sentiment_2013_1_08_20.csv.gz
36,/srv/data/twitter_sentiment/2013/bert_sentiment_2013_1_10_22.csv.gz
37,/srv/data/twitter_sentiment/2013/bert_sentiment_2013_1_11_02.csv.gz
38,/srv/data/twitter_sentiment/2013/bert_sentiment_2013_1_11_04.csv.gz
39,/srv/data/twitter_sentiment/2013/bert_sentiment_2013_1_11_06.csv.gz
40,/srv/data/twitter_sentiment/2013/bert_sentiment_2013_1_11_07.csv.gz
41,/srv/data/twitter_sentiment/2013/bert_sentiment_2013_1_11_10.csv.gz
42,/srv/data/twitter_sentiment/2013/bert_sentiment_2013_1_11_11.csv.gz
43,/srv/data/twitter_sentiment/2013/bert_sentiment_2013_1_11_13.csv.gz
44,/srv/data/twitter_sentiment/2013/bert_sentiment_2013_1_11_16.csv.gz
45,/srv/data/twitter_sentiment/2013/bert_sentiment_2013_1_11_19.csv.gz
46,/srv/data/twitter_sentiment/2013/bert_sentiment_2013_1_11_22.csv.gz
47,/srv/data/twitter_sentiment/2013/bert_sentiment_2013_1_12_04.csv.gz
48,/srv/data/twitter_sentiment/2013/bert_sentiment_2013_1_12_05.csv.gz
49,/srv/data/twitter_sentiment/2013/bert_sentiment_2013_1_12_08.csv.gz
50,/srv/data/twitter_sentiment/2013/bert_sentiment_2013_1_12_09.csv.gz
51,/srv/data/twitter_sentiment/2013/bert_sentiment_2013_1_12_10.csv.gz
52,/srv/data/twitter_sentiment/2013/bert_sentiment_2013_1_12_12.csv.gz
53,/srv/data/twitter_sentiment/2013/bert_sentiment_2013_1_12_13.csv.gz
54,/srv/data/twitter_sentiment/2013/bert_sentiment_2013_1_12_14.csv.gz
55,/srv/data/twitter_sentiment/2013/bert_sentiment_2013_1_12_15.csv.gz
56,/srv/data/twitter_sentiment/2013/bert_sentiment_2013_1_12_16.csv.gz
57,/srv/data/twitter_sentiment/2013/bert_sentiment_2013_1_12_17.csv.gz
58,/srv/data/twitter_sentiment/2013/bert_sentiment_2013_1_12_18.csv.gz
59,/srv/data/twitter_sentiment/2013/bert_sentiment_2013_1_12_22.csv.gz
60,/srv/data/twitter_sentiment/2013/bert_sentiment_2013_1_13_03.csv.gz
61,/srv/data/twitter_sentiment/2013/bert_sentiment_2013_1_13_04.csv.gz
62,/srv/data/twitter_sentiment/2013/bert_sentiment_2013_1_13_05.csv.gz
63,/srv/data/twitter_sentiment/2013/bert_sentiment_2013_1_13_06.csv.gz
64,/srv/data/twitter_sentiment/2013/bert_sentiment_2013_1_13_07.csv.gz
65,/srv/data/twitter_sentiment/2013/bert_sentiment_2013_1_13_08.csv.gz
66,/srv/data/twitter_sentiment/2013/bert_sentiment_2013_1_13_11.csv.gz
67,/srv/data/twitter_sentiment/2013/bert_sentiment_2013_1_13_12.csv.gz
68,/srv/data/twitter_sentiment/2013/bert_sentiment_2013_1_13_13.csv.gz
69,/srv/data/twitter_sentiment/2013/bert_sentiment_2013_1_13_14.csv.gz
70,/srv/data/twitter_sentiment/2013/bert_sentiment_2013_1_13_17.csv.gz
71,/srv/data/twitter_sentiment/2013/bert_sentiment_2013_1_13_18.csv.gz
72,/srv/data/twitter_sentiment/2013/bert_sentiment_2013_1_13_19.csv.gz
73,/srv/data/twitter_sentiment/2013/bert_sentiment_2013_1_13_20.csv.gz
74,/srv/data/twitter_sentiment/2013/bert_sentiment_2013_1_13_22.csv.gz
75,/srv/data/twitter_sentiment/2013/bert_sentiment_2013_1_13_23.csv.gz
76,/srv/data/twitter_sentiment/2013/bert_sentiment_2013_1_14_01.csv.gz
77,/srv/data/twitter_sentiment/2013/bert_sentiment_2013_1_14_02.csv.gz
78,/srv/data/twitter_sentiment/2013/bert_sentiment_2013_1_14_03.csv.gz
79,/srv/data/twitter_sentiment/2013/bert_sentiment_2013_1_14_07.csv.gz
80,/srv/data/twitter_sentiment/2013/bert_sentiment_2013_1_14_08.csv.gz
81,/srv/data/twitter_sentiment/2013/bert_sentiment_2013_1_14_09.csv.gz
82,/srv/data/twitter_sentiment/2013/bert_sentiment_2013_1_14_10.csv.gz
83,/srv/data/twitter_sentiment/2013/bert_sentiment_2013_1_14_11.csv.gz
84,/srv/data/twitter_sentiment/2013/bert_sentiment_2013_1_14_12.csv.gz
85,/srv/data/twitter_sentiment/2013/bert_sentiment_2013_1_14_13.csv.gz
86,/srv/data/twitter_sentiment/2013/bert_sentiment_2013_1_14_14.csv.gz
87,/srv/data/twitter_sentiment/2013/bert_sentiment_2013_1_14_15.csv.gz
88,/srv/data/twitter_sentiment/2013/bert_sentiment_2013_1_14_18.csv.gz
89,/srv/data/twitter_sentiment/2013/bert_sentiment_2013_1_14_20.csv.gz
90,/srv/data/twitter_sentiment/2013/bert_sentiment_2013_1_14_21.csv.gz
91,/srv/data/twitter_sentiment/2013/bert_sentiment_2013_1_15_01.csv.gz
92,/srv/data/twitter_sentiment/2013/bert_sentiment_2013_1_15_02.csv.gz
93,/srv/data/twitter_sentiment/2013/bert_sentiment_2013_1_15_05.csv.gz
94,/srv/data/twitter_sentiment/2013/bert_sentiment_2013_1_15_06.csv.gz
95,/srv/data/twitter_sentiment/2013/bert_sentiment_2013_1_15_08.csv.gz
96,/srv/data/twitter_sentiment/2013/bert_sentiment_2013_1_15_09.csv.gz
97,/srv/data/twitter_sentiment/2013/bert_sentiment_2013_1_15_10.csv.gz
98,/srv/data/twitter_sentiment/2013/bert_sentiment_2013_1_15_11.csv.gz
99,/srv/data/twitter_sentiment/2013/bert_sentiment_2013_1_15_14.csv.gz
100,/srv/data/twitter_sentiment/2013/bert_sentiment_2013_1_15_15.csv.gz
101,/srv/data/twitter_sentiment/2013/bert_sentiment_2013_1_15_16.csv.gz
102,/srv/data/twitter_sentiment/2013/bert_sentiment_2013_1_15_20.csv.gz
103,/srv/data/twitter_sentiment/2013/bert_sentiment_2013_1_15_23.csv.gz
104,/srv/data/twitter_sentiment/2013/bert_sentiment_2013_1_16_01.csv.gz
105,/srv/data/twitter_sentiment/2013/bert_sentiment_2013_1_16_02.csv.gz
106,/srv/data/twitter_sentiment/2013/bert_sentiment_2013_1_16_03.csv.gz
107,/srv/data/twitter_sentiment/2013/bert_sentiment_2013_1_16_05.csv.gz
108,/srv/data/twitter_sentiment/2013/bert_sentiment_2013_1_16_06.csv.gz
109,/srv/data/twitter_sentiment/2013/bert_sentiment_2013_1_16_07.csv.gz
110,/srv/data/twitter_sentiment/2013/bert_sentiment_2013_1_16_10.csv.gz
111,/srv/data/twitter_sentiment/2013/bert_sentiment_2013_3_05_01.csv.gz
112,/srv/data/twitter_sentiment/2013/bert_sentiment_2013_3_05_02.csv.gz
113,/srv/data/twitter_sentiment/2013/bert_sentiment_2013_3_05_06.csv.gz
114,/srv/data/twitter_sentiment/2013/bert_sentiment_2013_3_05_07.csv.gz
115,/srv/data/twitter_sentiment/2013/bert_sentiment_2013_3_05_08.csv.gz
116,/srv/data/twitter_sentiment/2013/bert_sentiment_2013_3_05_09.csv.gz
117,/srv/data/twitter_sentiment/2013/bert_sentiment_2013_3_05_12.csv.gz
118,/srv/data/twitter_sentiment/2013/bert_sentiment_2013_3_05_13.csv.gz
119,/srv/data/twitter_sentiment/2013/bert_sentiment_2013_3_05_15.csv.gz
120,/srv/data/twitter_sentiment/2013/bert_sentiment_2013_3_05_20.csv.gz
121,/srv/data/twitter_sentiment/2013/bert_sentiment_2013_3_05_21.csv.gz
122,/srv/data/twitter_sentiment/2013/bert_sentiment_2013_3_05_22.csv.gz
123,/srv/data/twitter_sentiment/2013/bert_sentiment_2013_3_06_00.csv.gz
124,/srv/data/twitter_sentiment/2013/bert_sentiment_2013_3_06_01.csv.gz
125,/srv/data/twitter_sentiment/2013/bert_sentiment_2013_3_06_02.csv.gz
126,/srv/data/twitter_sentiment/2013/bert_sentiment_2013_3_06_03.csv.gz
127,/srv/data/twitter_sentiment/2013/bert_sentiment_2013_3_06_05.csv.gz
128,/srv/data/twitter_sentiment/2013/bert_sentiment_2013_3_06_09.csv.gz
129,/srv/data/twitter_sentiment/2013/bert_sentiment_2013_3_06_12.csv.gz
130,/srv/data/twitter_sentiment/2013/bert_sentiment_2013_3_06_14.csv.gz
131,/srv/data/twitter_sentiment/2013/bert_sentiment_2013_3_06_15.csv.gz
132,/srv/data/twitter_sentiment/2013/bert_sentiment_2013_3_13_02.csv.gz
133,/srv/data/twitter_sentiment/2013/bert_sentiment_2013_3_13_03.csv.gz
134,/srv/data/twitter_sentiment/2013/bert_sentiment_2013_3_13_04.csv.gz
135,/srv/data/twitter_sentiment/2013/bert_sentiment_2013_3_13_05.csv.gz
136,/srv/data/twitter_sentiment/2013/bert_sentiment_2013_3_13_08.csv.gz
137,/srv/data/twitter_sentiment/2013/bert_sentiment_2013_3_13_11.csv.gz
138,/srv/data/twitter_sentiment/2013/bert_sentiment_2013_3_13_12.csv.gz
139,/srv/data/twitter_sentiment/2013/bert_sentiment_2013_3_13_18.csv.gz
140,/srv/data/twitter_sentiment/2013/bert_sentiment_2013_3_13_20.csv.gz
141,/srv/data/twitter_sentiment/2013/bert_sentiment_2013_3_14_02.csv.gz
142,/srv/data/twitter_sentiment/2013/bert_sentiment_2013_3_14_03.csv.gz
143,/srv/data/twitter_sentiment/2013/bert_sentiment_2013_3_14_06.csv.gz
144,/srv/data/twitter_sentiment/2013/bert_sentiment_2013_3_14_07.csv.gz
145,/srv/data/twitter_sentiment/2013/bert_sentiment_2013_3_14_08.csv.gz
146,/srv/data/twitter_sentiment/2013/bert_sentiment_2013_3_14_09.csv.gz
147,/srv/data/twitter_sentiment/2013/bert_sentiment_2013_3_14_10.csv.gz
148,/srv/data/twitter_sentiment/2013/bert_sentiment_2013_3_14_11.csv.gz
149,/srv/data/twitter_sentiment/2013/bert_sentiment_2013_3_14_12.csv.gz
150,/srv/data/twitter_sentiment/2013/bert_sentiment_2013_3_14_14.csv.gz
151,/srv/data/twitter_sentiment/2013/bert_sentiment_2013_3_14_16.csv.gz
152,/srv/data/twitter_sentiment/2013/bert_sentiment_2013_3_14_21.csv.gz
153,/srv/data/twitter_sentiment/2013/bert_sentiment_2013_3_15_03.csv.gz
154,/srv/data/twitter_sentiment/2013/bert_sentiment_2013_3_15_04.csv.gz
155,/srv/data/twitter_sentiment/2013/bert_sentiment_2013_3_15_05.csv.gz
156,/srv/data/twitter_sentiment/2013/bert_sentiment_2013_3_15_06.csv.gz
157,/srv/data/twitter_sentiment/2013/bert_sentiment_2013_3_15_07.csv.gz
158,/srv/data/twitter_sentiment/2013/bert_sentiment_2013_3_15_08.csv.gz
159,/srv/data/twitter_sentiment/2013/bert_sentiment_2013_3_15_09.csv.gz
160,/srv/data/twitter_sentiment/2013/bert_sentiment_2013_3_15_10.csv.gz
161,/srv/data/twitter_sentiment/2013/bert_sentiment_2013_3_15_11.csv.gz
162,/srv/data/twitter_sentiment/2013/bert_sentiment_2013_3_15_13.csv.gz
163,/srv/data/twitter_sentiment/2013/bert_sentiment_2013_3_15_14.csv.gz
164,/srv/data/twitter_sentiment/2013/bert_sentiment_2013_3_15_15.csv.gz
165,/srv/data/twitter_sentiment/2013/bert_sentiment_2013_3_15_18.csv.gz
166,/srv/data/twitter_sentiment/2013/bert_sentiment_2013_3_15_22.csv.gz
167,/srv/data/twitter_sentiment/2013/bert_sentiment_2013_3_16_00.csv.gz
168,/srv/data/twitter_sentiment/2013/bert_sentiment_2013_3_16_01.csv.gz
169,/srv/data/twitter_sentiment/2013/bert_sentiment_2013_3_16_02.csv.gz
170,/srv/data/twitter_sentiment/2013/bert_sentiment_2013_3_16_03.csv.gz
171,/srv/data/twitter_sentiment/2013/bert_sentiment_2013_3_16_05.csv.gz
172,/srv/data/twitter_sentiment/2013/bert_sentiment_2013_3_16_06.csv.gz
173,/srv/data/twitter_sentiment/2013/bert_sentiment_2013_3_16_10.csv.gz
174,/srv/data/twitter_sentiment/2013/bert_sentiment_2013_3_16_11.csv.gz
175,/srv/data/twitter_sentiment/2013/bert_sentiment_2013_3_16_13.csv.gz
176,/srv/data/twitter_sentiment/2013/bert_sentiment_2013_3_16_14.csv.gz
177,/srv/data/twitter_sentiment/2013/bert_sentiment_2013_3_16_20.csv.gz
178,/srv/data/twitter_sentiment/2013/bert_sentiment_2013_3_17_20.csv.gz
179,/srv/data/twitter_sentiment/2013/bert_sentiment_2013_3_17_22.csv.gz
180,/srv/data/twitter_sentiment/2013/bert_sentiment_2013_3_29_19.csv.gz
181,/srv/data/twitter_sentiment/2013/bert_sentiment_2013_3_29_20.csv.gz
182,/srv/data/twitter_sentiment/2013/bert_sentiment_2013_3_29_23.csv.gz
183,/srv/data/twitter_sentiment/2013/bert_sentiment_2013_3_30_04.csv.gz
184,/srv/data/twitter_sentiment/2013/bert_sentiment_2013_3_30_05.csv.gz
185,/srv/data/twitter_sentiment/2013/bert_sentiment_2013_3_30_06.csv.gz
186,/srv/data/twitter_sentiment/2013/bert_sentiment_2013_3_30_07.csv.gz
187,/srv/data/twitter_sentiment/2013/bert_sentiment_2013_3_30_08.csv.gz
188,/srv/data/twitter_sentiment/2013/bert_sentiment_2013_3_30_10.csv.gz
189,/srv/data/twitter_sentiment/2013/bert_sentiment_2013_3_30_13.csv.gz
190,/srv/data/twitter_sentiment/2013/bert_sentiment_2013_3_30_15.csv.gz
191,/srv/data/twitter_sentiment/2013/bert_sentiment_2013_3_30_16.csv.gz
192,/srv/data/twitter_sentiment/2013/bert_sentiment_2013_3_30_17.csv.gz
193,/srv/data/twitter_sentiment/2013/bert_sentiment_2013_3_30_18.csv.gz
194,/srv/data/twitter_sentiment/2013/bert_sentiment_2013_3_30_22.csv.gz
195,/srv/data/twitter_sentiment/2013/bert_sentiment_2013_3_31_01.csv.gz
196,/srv/data/twitter_sentiment/2013/bert_sentiment_2013_3_31_03.csv.gz
197,/srv/data/twitter_sentiment/2013/bert_sentiment_2013_3_31_04.csv.gz
198,/srv/data/twitter_sentiment/2013/bert_sentiment_2013_3_31_06.csv.gz
199,/srv/data/twitter_sentiment/2013/bert_sentiment_2013_3_31_11.csv.gz
200,/srv/data/twitter_sentiment/2013/bert_sentiment_2013_3_31_13.csv.gz
201,/srv/data/twitter_sentiment/2013/bert_sentiment_2013_3_31_14.csv.gz
202,/srv/data/twitter_sentiment/2013/bert_sentiment_2013_3_31_17.csv.gz
203,/srv/data/twitter_sentiment/2013/bert_sentiment_2013_3_31_20.csv.gz
204,/srv/data/twitter_sentiment/2013/bert_sentiment_2013_3_31_21.csv.gz
205,/srv/data/twitter_sentiment/2013/bert_sentiment_2013_4_01_00.csv.gz
206,/srv/data/twitter_sentiment/2013/bert_sentiment_2013_4_01_01.csv.gz
207,/srv/data/twitter_sentiment/2013/bert_sentiment_2013_4_01_02.csv.gz
208,/srv/data/twitter_sentiment/2013/bert_sentiment_2013_4_01_03.csv.gz
209,/srv/data/twitter_sentiment/2013/bert_sentiment_2013_4_01_04.csv.gz
210,/srv/data/twitter_sentiment/2013/bert_sentiment_2013_4_01_05.csv.gz
211,/srv/data/twitter_sentiment/2013/bert_sentiment_2013_4_01_06.csv.gz
212,/srv/data/twitter_sentiment/2013/bert_sentiment_2013_4_01_07.csv.gz
213,/srv/data/twitter_sentiment/2013/bert_sentiment_2013_4_01_08.csv.gz
214,/srv/data/twitter_sentiment/2013/bert_sentiment_2013_4_01_10.csv.gz
215,/srv/data/twitter_sentiment/2013/bert_sentiment_2013_4_01_11.csv.gz
216,/srv/data/twitter_sentiment/2013/bert_sentiment_2013_4_01_12.csv.gz
217,/srv/data/twitter_sentiment/2013/bert_sentiment_2013_4_01_15.csv.gz
218,/srv/data/twitter_sentiment/2013/bert_sentiment_2013_4_01_16.csv.gz
219,/srv/data/twitter_sentiment/2013/bert_sentiment_2013_4_01_17.csv.gz
220,/srv/data/twitter_sentiment/2013/bert_sentiment_2013_4_01_18.csv.gz
221,/srv/data/twitter_sentiment/2013/bert_sentiment_2013_4_01_19.csv.gz
222,/srv/data/twitter_sentiment/2013/bert_sentiment_2013_4_01_20.csv.gz
223,/srv/data/twitter_sentiment/2013/bert_sentiment_2013_4_01_21.csv.gz
224,/srv/data/twitter_sentiment/2013/bert_sentiment_2013_4_01_22.csv.gz
225,/srv/data/twitter_sentiment/2013/bert_sentiment_2013_4_01_23.csv.gz
226,/srv/data/twitter_sentiment/2013/bert_sentiment_2013_4_02_00.csv.gz
227,/srv/data/twitter_sentiment/2013/bert_sentiment_2013_4_10_00.csv.gz
228,/srv/data/twitter_sentiment/2013/bert_sentiment_2013_4_10_01.csv.gz
229,/srv/data/twitter_sentiment/2013/bert_sentiment_2013_4_10_02.csv.gz
230,/srv/data/twitter_sentiment/2013/bert_sentiment_2013_4_10_03.csv.gz
231,/srv/data/twitter_sentiment/2013/bert_sentiment_2013_4_10_04.csv.gz
232,/srv/data/twitter_sentiment/2013/bert_sentiment_2013_4_10_05.csv.gz
233,/srv/data/twitter_sentiment/2013/bert_sentiment_2013_4_10_06.csv.gz
234,/srv/data/twitter_sentiment/2013/bert_sentiment_2013_4_10_07.csv.gz
235,/srv/data/twitter_sentiment/2013/bert_sentiment_2013_4_10_08.csv.gz
236,/srv/data/twitter_sentiment/2013/bert_sentiment_2013_4_10_09.csv.gz
237,/srv/data/twitter_sentiment/2013/bert_sentiment_2013_4_10_11.csv.gz
238,/srv/data/twitter_sentiment/2013/bert_sentiment_2013_4_10_12.csv.gz
239,/srv/data/twitter_sentiment/2013/bert_sentiment_2013_4_10_13.csv.gz
240,/srv/data/twitter_sentiment/2013/bert_sentiment_2013_4_10_15.csv.gz
241,/srv/data/twitter_sentiment/2013/bert_sentiment_2013_4_10_16.csv.gz
242,/srv/data/twitter_sentiment/2013/bert_sentiment_2013_4_10_17.csv.gz
243,/srv/data/twitter_sentiment/2013/bert_sentiment_2013_4_10_18.csv.gz
244,/srv/data/twitter_sentiment/2013/bert_sentiment_2013_4_10_19.csv.gz
245,/srv/data/twitter_sentiment/2013/bert_sentiment_2013_4_10_20.csv.gz
246,/srv/data/twitter_sentiment/2013/bert_sentiment_2013_4_10_22.csv.gz
247,/srv/data/twitter_sentiment/2013/bert_sentiment_2013_4_10_23.csv.gz
248,/srv/data/twitter_sentiment/2013/bert_sentiment_2013_4_11_00.csv.gz
249,/srv/data/twitter_sentiment/2013/bert_sentiment_2013_4_11_01.csv.gz
250,/srv/data/twitter_sentiment/2013/bert_sentiment_2013_4_11_02.csv.gz
251,/srv/data/twitter_sentiment/2013/bert_sentiment_2013_4_11_03.csv.gz
252,/srv/data/twitter_sentiment/2013/bert_sentiment_2013_4_11_04.csv.gz
253,/srv/data/twitter_sentiment/2013/bert_sentiment_2013_4_11_05.csv.gz
254,/srv/data/twitter_sentiment/2013/bert_sentiment_2013_4_11_06.csv.gz
255,/srv/data/twitter_sentiment/2013/bert_sentiment_2013_4_11_07.csv.gz
256,/srv/data/twitter_sentiment/2013/bert_sentiment_2013_4_11_08.csv.gz
257,/srv/data/twitter_sentiment/2013/bert_sentiment_2013_4_11_09.csv.gz
258,/srv/data/twitter_sentiment/2013/bert_sentiment_2013_4_11_10.csv.gz
259,/srv/data/twitter_sentiment/2013/bert_sentiment_2013_4_11_11.csv.gz
260,/srv/data/twitter_sentiment/2013/bert_sentiment_2013_4_11_12.csv.gz
261,/srv/data/twitter_sentiment/2013/bert_sentiment_2013_4_11_13.csv.gz
262,/srv/data/twitter_sentiment/2013/bert_sentiment_2013_4_11_14.csv.gz
263,/srv/data/twitter_sentiment/2013/bert_sentiment_2013_4_11_15.csv.gz
264,/srv/data/twitter_sentiment/2013/bert_sentiment_2013_4_11_16.csv.gz
265,/srv/data/twitter_sentiment/2013/bert_sentiment_2013_4_11_17.csv.gz
266,/srv/data/twitter_sentiment/2013/bert_sentiment_2013_4_11_18.csv.gz
267,/srv/data/twitter_sentiment/2013/bert_sentiment_2013_4_11_19.csv.gz
268,/srv/data/twitter_sentiment/2013/bert_sentiment_2013_4_11_20.csv.gz
269,/srv/data/twitter_sentiment/2013/bert_sentiment_2013_4_15_00.csv.gz
270,/srv/data/twitter_sentiment/2013/bert_sentiment_2013_4_15_01.csv.gz
271,/srv/data/twitter_sentiment/2013/bert_sentiment_2013_4_15_02.csv.gz
272,/srv/data/twitter_sentiment/2013/bert_sentiment_2013_4_15_03.csv.gz
273,/srv/data/twitter_sentiment/2013/bert_sentiment_2013_4_15_04.csv.gz
274,/srv/data/twitter_sentiment/2013/bert_sentiment_2013_4_15_05.csv.gz
275,/srv/data/twitter_sentiment/2013/bert_sentiment_2013_4_15_06.csv.gz
276,/srv/data/twitter_sentiment/2013/bert_sentiment_2013_4_15_07.csv.gz
277,/srv/data/twitter_sentiment/2013/bert_sentiment_2013_4_15_08.csv.gz
278,/srv/data/twitter_sentiment/2013/bert_sentiment_2013_4_15_09.csv.gz
279,/srv/data/twitter_sentiment/2013/bert_sentiment_2013_4_15_10.csv.gz
280,/srv/data/twitter_sentiment/2013/bert_sentiment_2013_4_15_11.csv.gz
281,/srv/data/twitter_sentiment/2013/bert_sentiment_2013_4_15_12.csv.gz
282,/srv/data/twitter_sentiment/2013/bert_sentiment_2013_4_15_13.csv.gz
283,/srv/data/twitter_sentiment/2013/bert_sentiment_2013_4_15_15.csv.gz
284,/srv/data/twitter_sentiment/2013/bert_sentiment_2013_4_15_16.csv.gz
285,/srv/data/twitter_sentiment/2013/bert_sentiment_2013_4_15_17.csv.gz
286,/srv/data/twitter_sentiment/2013/bert_sentiment_2013_4_15_18.csv.gz
287,/srv/data/twitter_sentiment/2013/bert_sentiment_2013_4_15_21.csv.gz
288,/srv/data/twitter_sentiment/2013/bert_sentiment_2013_4_15_22.csv.gz
289,/srv/data/twitter_sentiment/2013/bert_sentiment_2013_4_15_23.csv.gz
290,/srv/data/twitter_sentiment/2013/bert_sentiment_2013_4_18_01.csv.gz
291,/srv/data/twitter_sentiment/2013/bert_sentiment_2013_4_18_02.csv.gz
292,/srv/data/twitter_sentiment/2013/bert_sentiment_2013_4_18_03.csv.gz
293,/srv/data/twitter_sentiment/2013/bert_sentiment_2013_4_18_04.csv.gz
294,/srv/data/twitter_sentiment/2013/bert_sentiment_2013_5_04_03.csv.gz
295,/srv/data/twitter_sentiment/2013/bert_sentiment_2013_5_04_04.csv.gz
296,/srv/data/twitter_sentiment/2013/bert_sentiment_2013_5_04_08.csv.gz
297,/srv/data/twitter_sentiment/2013/bert_sentiment_2013_5_04_09.csv.gz
298,/srv/data/twitter_sentiment/2013/bert_sentiment_2013_5_04_10.csv.gz
299,/srv/data/twitter_sentiment/2013/bert_sentiment_2013_5_04_11.csv.gz
300,/srv/data/twitter_sentiment/2013/bert_sentiment_2013_5_04_17.csv.gz
301,/srv/data/twitter_sentiment/2013/bert_sentiment_2013_5_30_05.csv.gz
302,/srv/data/twitter_sentiment/2013/bert_sentiment_2013_5_30_06.csv.gz
303,/srv/data/twitter_sentiment/2013/bert_sentiment_2013_5_30_08.csv.gz
304,/srv/data/twitter_sentiment/2013/bert_sentiment_2013_5_30_09.csv.gz
305,/srv/data/twitter_sentiment/2013/bert_sentiment_2013_5_30_10.csv.gz
306,/srv/data/twitter_sentiment/2013/bert_sentiment_2013_5_30_13.csv.gz
307,/srv/data/twitter_sentiment/2013/bert_sentiment_2013_6_18_06.csv.gz
308,/srv/data/twitter_sentiment/2013/bert_sentiment_2013_6_18_07.csv.gz
309,/srv/data/twitter_sentiment/2013/bert_sentiment_2013_6_18_13.csv.gz
310,/srv/data/twitter_sentiment/2013/bert_sentiment_2013_6_18_18.csv.gz
311,/srv/data/twitter_sentiment/2013/bert_sentiment_2013_6_18_21.csv.gz
312,/srv/data/twitter_sentiment/2013/bert_sentiment_2013_6_19_01.csv.gz
313,/srv/data/twitter_sentiment/2013/bert_sentiment_2013_6_19_02.csv.gz
314,/srv/data/twitter_sentiment/2013/bert_sentiment_2013_6_19_03.csv.gz
315,/srv/data/twitter_sentiment/2013/bert_sentiment_2013_6_19_05.csv.gz
316,/srv/data/twitter_sentiment/2013/bert_sentiment_2013_6_19_06.csv.gz
317,/srv/data/twitter_sentiment/2013/bert_sentiment_2013_6_19_07.csv.gz
318,/srv/data/twitter_sentiment/2013/bert_sentiment_2013_6_19_10.csv.gz
319,/srv/data/twitter_sentiment/2013/bert_sentiment_2013_6_19_14.csv.gz
320,/srv/data/twitter_sentiment/2013/bert_sentiment_2013_6_19_15.csv.gz
321,/srv/data/twitter_sentiment/2013/bert_sentiment_2013_6_19_18.csv.gz
322,/srv/data/twitter_sentiment/2013/bert_sentiment_2013_6_20_01.csv.gz
323,/srv/data/twitter_sentiment/2013/bert_sentiment_2013_6_20_04.csv.gz
324,/srv/data/twitter_sentiment/2013/bert_sentiment_2013_6_20_05.csv.gz
325,/srv/data/twitter_sentiment/2013/bert_sentiment_2013_6_20_06.csv.gz
326,/srv/data/twitter_sentiment/2013/bert_sentiment_2013_6_20_07.csv.gz
327,/srv/data/twitter_sentiment/2013/bert_sentiment_2013_6_20_09.csv.gz
328,/srv/data/twitter_sentiment/2013/bert_sentiment_2013_6_20_11.csv.gz
329,/srv/data/twitter_sentiment/2013/bert_sentiment_2013_6_20_12.csv.gz
330,/srv/data/twitter_sentiment/2013/bert_sentiment_2013_6_20_18.csv.gz
331,/srv/data/twitter_sentiment/2013/bert_sentiment_2013_6_20_19.csv.gz
332,/srv/data/twitter_sentiment/2013/bert_sentiment_2013_6_20_20.csv.gz
333,/srv/data/twitter_sentiment/2013/bert_sentiment_2013_6_20_21.csv.gz
334,/srv/data/twitter_sentiment/2013/bert_sentiment_2013_6_21_01.csv.gz
335,/srv/data/twitter_sentiment/2013/bert_sentiment_2013_6_21_06.csv.gz
336,/srv/data/twitter_sentiment/2013/bert_sentiment_2013_6_21_08.csv.gz
337,/srv/data/twitter_sentiment/2013/bert_sentiment_2013_6_21_12.csv.gz
338,/srv/data/twitter_sentiment/2013/bert_sentiment_2013_6_21_16.csv.gz
339,/srv/data/twitter_sentiment/2013/bert_sentiment_2013_6_21_19.csv.gz
340,/srv/data/twitter_sentiment/2013/bert_sentiment_2013_6_21_22.csv.gz
341,/srv/data/twitter_sentiment/2013/bert_sentiment_2013_6_21_23.csv.gz
342,/srv/data/twitter_sentiment/2013/bert_sentiment_2013_6_22_01.csv.gz
343,/srv/data/twitter_sentiment/2013/bert_sentiment_2013_6_22_03.csv.gz
344,/srv/data/twitter_sentiment/2013/bert_sentiment_2013_6_22_04.csv.gz
345,/srv/data/twitter_sentiment/2013/bert_sentiment_2013_6_22_05.csv.gz
346,/srv/data/twitter_sentiment/2013/bert_sentiment_2013_6_22_08.csv.gz
347,/srv/data/twitter_sentiment/2013/bert_sentiment_2013_6_22_09.csv.gz
348,/srv/data/twitter_sentiment/2013/bert_sentiment_2013_6_22_16.csv.gz
349,/srv/data/twitter_sentiment/2013/bert_sentiment_2013_6_22_21.csv.gz
350,/srv/data/twitter_sentiment/2013/bert_sentiment_2013_6_23_00.csv.gz
351,/srv/data/twitter_sentiment/2013/bert_sentiment_2013_6_23_01.csv.gz
352,/srv/data/twitter_sentiment/2013/bert_sentiment_2013_6_23_05.csv.gz
353,/srv/data/twitter_sentiment/2013/bert_sentiment_2013_6_23_06.csv.gz
354,/srv/data/twitter_sentiment/2013/bert_sentiment_2013_6_23_07.csv.gz
355,/srv/data/twitter_sentiment/2013/bert_sentiment_2013_6_23_14.csv.gz
356,/srv/data/twitter_sentiment/2013/bert_sentiment_2013_6_23_20.csv.gz
357,/srv/data/twitter_sentiment/2013/bert_sentiment_2013_6_23_23.csv.gz
358,/srv/data/twitter_sentiment/2013/bert_sentiment_2013_6_24_01.csv.gz
359,/srv/data/twitter_sentiment/2013/bert_sentiment_2013_6_24_06.csv.gz
360,/srv/data/twitter_sentiment/2013/bert_sentiment_2013_6_24_13.csv.gz
361,/srv/data/twitter_sentiment/2013/bert_sentiment_2013_6_24_18.csv.gz
362,/srv/data/twitter_sentiment/2013/bert_sentiment_2013_6_24_19.csv.gz
363,/srv/data/twitter_sentiment/2013/bert_sentiment_2013_6_24_21.csv.gz
364,/srv/data/twitter_sentiment/2013/bert_sentiment_2013_6_24_22.csv.gz
365,/srv/data/twitter_sentiment/2013/bert_sentiment_2013_6_24_23.csv.gz
366,/srv/data/twitter_sentiment/2013/bert_sentiment_2013_6_27_02.csv.gz
367,/srv/data/twitter_sentiment/2013/bert_sentiment_2013_6_27_09.csv.gz
368,/srv/data/twitter_sentiment/2013/bert_sentiment_2013_6_27_10.csv.gz
369,/srv/data/twitter_sentiment/2013/bert_sentiment_2013_6_27_14.csv.gz
370,/srv/data/twitter_sentiment/2013/bert_sentiment_2013_6_27_19.csv.gz
371,/srv/data/twitter_sentiment/2013/bert_sentiment_2013_6_27_23.csv.gz
372,/srv/data/twitter_sentiment/2013/bert_sentiment_2013_6_28_00.csv.gz
373,/srv/data/twitter_sentiment/2013/bert_sentiment_2013_6_29_03.csv.gz
374,/srv/data/twitter_sentiment/2013/bert_sentiment_2013_6_29_05.csv.gz
375,/srv/data/twitter_sentiment/2013/bert_sentiment_2013_6_29_07.csv.gz
376,/srv/data/twitter_sentiment/2013/bert_sentiment_2013_7_12_01.csv.gz
377,/srv/data/twitter_sentiment/2013/bert_sentiment_2013_7_12_10.csv.gz
378,/srv/data/twitter_sentiment/2013/bert_sentiment_2013_7_12_12.csv.gz
379,/srv/data/twitter_sentiment/2013/bert_sentiment_2013_7_12_16.csv.gz
380,/srv/data/twitter_sentiment/2013/bert_sentiment_2013_7_12_18.csv.gz
381,/srv/data/twitter_sentiment/2013/bert_sentiment_2013_7_12_19.csv.gz
382,/srv/data/twitter_sentiment/2013/bert_sentiment_2013_7_12_20.csv.gz
383,/srv/data/twitter_sentiment/2013/bert_sentiment_2013_7_12_21.csv.gz
384,/srv/data/twitter_sentiment/2013/bert_sentiment_2013_7_13_01.csv.gz
385,/srv/data/twitter_sentiment/2013/bert_sentiment_2013_7_13_02.csv.gz
386,/srv/data/twitter_sentiment/2013/bert_sentiment_2013_7_13_06.csv.gz
387,/srv/data/twitter_sentiment/2013/bert_sentiment_2013_7_13_07.csv.gz
388,/srv/data/twitter_sentiment/2013/bert_sentiment_2013_7_13_08.csv.gz
389,/srv/data/twitter_sentiment/2013/bert_sentiment_2013_7_13_09.csv.gz
390,/srv/data/twitter_sentiment/2013/bert_sentiment_2013_7_13_10.csv.gz
391,/srv/data/twitter_sentiment/2013/bert_sentiment_2013_7_13_15.csv.gz
392,/srv/data/twitter_sentiment/2013/bert_sentiment_2013_7_13_19.csv.gz
393,/srv/data/twitter_sentiment/2013/bert_sentiment_2013_7_13_20.csv.gz
394,/srv/data/twitter_sentiment/2013/bert_sentiment_2013_7_13_22.csv.gz
395,/srv/data/twitter_sentiment/2013/bert_sentiment_2013_7_14_02.csv.gz
396,/srv/data/twitter_sentiment/2013/bert_sentiment_2013_7_14_04.csv.gz
397,/srv/data/twitter_sentiment/2013/bert_sentiment_2013_7_14_05.csv.gz
398,/srv/data/twitter_sentiment/2013/bert_sentiment_2013_7_14_06.csv.gz
399,/srv/data/twitter_sentiment/2013/bert_sentiment_2013_7_14_08.csv.gz
400,/srv/data/twitter_sentiment/2013/bert_sentiment_2013_7_14_09.csv.gz
401,/srv/data/twitter_sentiment/2013/bert_sentiment_2013_7_14_10.csv.gz
402,/srv/data/twitter_sentiment/2013/bert_sentiment_2013_7_14_11.csv.gz
403,/srv/data/twitter_sentiment/2013/bert_sentiment_2013_7_14_13.csv.gz
404,/srv/data/twitter_sentiment/2013/bert_sentiment_2013_7_14_14.csv.gz
405,/srv/data/twitter_sentiment/2013/bert_sentiment_2013_7_15_03.csv.gz
406,/srv/data/twitter_sentiment/2013/bert_sentiment_2013_7_15_09.csv.gz
407,/srv/data/twitter_sentiment/2013/bert_sentiment_2013_7_15_11.csv.gz
408,/srv/data/twitter_sentiment/2013/bert_sentiment_2013_7_15_12.csv.gz
409,/srv/data/twitter_sentiment/2013/bert_sentiment_2013_7_15_13.csv.gz
410,/srv/data/twitter_sentiment/2013/bert_sentiment_2013_7_15_16.csv.gz
411,/srv/data/twitter_sentiment/2013/bert_sentiment_2013_7_15_19.csv.gz
412,/srv/data/twitter_sentiment/2013/bert_sentiment_2013_7_15_23.csv.gz
413,/srv/data/twitter_sentiment/2013/bert_sentiment_2013_7_16_00.csv.gz
414,/srv/data/twitter_sentiment/2013/bert_sentiment_2013_7_16_05.csv.gz
415,/srv/data/twitter_sentiment/2013/bert_sentiment_2013_7_16_07.csv.gz
416,/srv/data/twitter_sentiment/2013/bert_sentiment_2013_7_16_10.csv.gz
417,/srv/data/twitter_sentiment/2013/bert_sentiment_2013_7_16_11.csv.gz
418,/srv/data/twitter_sentiment/2013/bert_sentiment_2013_7_16_12.csv.gz
419,/srv/data/twitter_sentiment/2013/bert_sentiment_2013_7_16_13.csv.gz
420,/srv/data/twitter_sentiment/2013/bert_sentiment_2013_7_16_15.csv.gz
421,/srv/data/twitter_sentiment/2013/bert_sentiment_2013_7_16_18.csv.gz
422,/srv/data/twitter_sentiment/2013/bert_sentiment_2013_7_16_19.csv.gz
423,/srv/data/twitter_sentiment/2013/bert_sentiment_2013_7_16_22.csv.gz
424,/srv/data/twitter_sentiment/2013/bert_sentiment_2013_7_16_23.csv.gz
425,/srv/data/twitter_sentiment/2013/bert_sentiment_2013_7_17_00.csv.gz
426,/srv/data/twitter_sentiment/2013/bert_sentiment_2013_7_17_08.csv.gz
427,/srv/data/twitter_sentiment/2013/bert_sentiment_2013_7_17_09.csv.gz
428,/srv/data/twitter_sentiment/2013/bert_sentiment_2013_7_17_10.csv.gz
429,/srv/data/twitter_sentiment/2013/bert_sentiment_2013_7_17_13.csv.gz
430,/srv/data/twitter_sentiment/2013/bert_sentiment_2013_7_17_14.csv.gz
431,/srv/data/twitter_sentiment/2013/bert_sentiment_2013_7_17_15.csv.gz
432,/srv/data/twitter_sentiment/2013/bert_sentiment_2013_7_17_22.csv.gz
433,/srv/data/twitter_sentiment/2013/bert_sentiment_2013_7_18_01.csv.gz
434,/srv/data/twitter_sentiment/2013/bert_sentiment_2013_7_18_06.csv.gz
435,/srv/data/twitter_sentiment/2013/bert_sentiment_2013_7_18_07.csv.gz
436,/srv/data/twitter_sentiment/2013/bert_sentiment_2013_7_18_09.csv.gz
437,/srv/data/twitter_sentiment/2013/bert_sentiment_2013_7_18_10.csv.gz
438,/srv/data/twitter_sentiment/2013/bert_sentiment_2013_7_18_11.csv.gz
439,/srv/data/twitter_sentiment/2013/bert_sentiment_2013_7_18_19.csv.gz
440,/srv/data/twitter_sentiment/2013/bert_sentiment_2013_7_18_21.csv.gz
441,/srv/data/twitter_sentiment/2013/bert_sentiment_2013_7_18_22.csv.gz
442,/srv/data/twitter_sentiment/2013/bert_sentiment_2013_7_23_02.csv.gz
443,/srv/data/twitter_sentiment/2013/bert_sentiment_2013_7_23_04.csv.gz
444,/srv/data/twitter_sentiment/2013/bert_sentiment_2013_7_23_07.csv.gz
445,/srv/data/twitter_sentiment/2013/bert_sentiment_2013_7_23_08.csv.gz
446,/srv/data/twitter_sentiment/2013/bert_sentiment_2013_7_23_10.csv.gz
447,/srv/data/twitter_sentiment/2013/bert_sentiment_2013_7_23_11.csv.gz
448,/srv/data/twitter_sentiment/2013/bert_sentiment_2013_7_23_12.csv.gz
449,/srv/data/twitter_sentiment/2013/bert_sentiment_2013_7_23_16.csv.gz
450,/srv/data/twitter_sentiment/2013/bert_sentiment_2013_7_23_18.csv.gz
451,/srv/data/twitter_sentiment/2013/bert_sentiment_2013_7_24_09.csv.gz
452,/srv/data/twitter_sentiment/2013/bert_sentiment_2013_7_24_12.csv.gz
453,/srv/data/twitter_sentiment/2013/bert_sentiment_2013_7_24_18.csv.gz
454,/srv/data/twitter_sentiment/2013/bert_sentiment_2013_7_24_19.csv.gz
455,/srv/data/twitter_sentiment/2013/bert_sentiment_2013_7_24_22.csv.gz
456,/srv/data/twitter_sentiment/2013/bert_sentiment_2013_7_25_00.csv.gz
457,/srv/data/twitter_sentiment/2013/bert_sentiment_2013_7_25_01.csv.gz
458,/srv/data/twitter_sentiment/2013/bert_sentiment_2013_7_25_03.csv.gz
459,/srv/data/twitter_sentiment/2013/bert_sentiment_2013_7_25_06.csv.gz
460,/srv/data/twitter_sentiment/2013/bert_sentiment_2013_7_25_09.csv.gz
461,/srv/data/twitter_sentiment/2013/bert_sentiment_2013_7_25_13.csv.gz
462,/srv/data/twitter_sentiment/2013/bert_sentiment_2013_7_25_18.csv.gz
463,/srv/data/twitter_sentiment/2013/bert_sentiment_2013_7_25_19.csv.gz
464,/srv/data/twitter_sentiment/2013/bert_sentiment_2013_7_25_20.csv.gz
465,/srv/data/twitter_sentiment/2013/bert_sentiment_2013_7_25_22.csv.gz
466,/srv/data/twitter_sentiment/2013/bert_sentiment_2013_7_26_05.csv.gz
467,/srv/data/twitter_sentiment/2013/bert_sentiment_2013_7_26_06.csv.gz
468,/srv/data/twitter_sentiment/2013/bert_sentiment_2013_7_26_07.csv.gz
469,/srv/data/twitter_sentiment/2013/bert_sentiment_2013_7_26_08.csv.gz
470,/srv/data/twitter_sentiment/2013/bert_sentiment_2013_7_26_09.csv.gz
471,/srv/data/twitter_sentiment/2013/bert_sentiment_2013_7_26_11.csv.gz
472,/srv/data/twitter_sentiment/2013/bert_sentiment_2013_7_26_12.csv.gz
473,/srv/data/twitter_sentiment/2013/bert_sentiment_2013_7_26_13.csv.gz
474,/srv/data/twitter_sentiment/2013/bert_sentiment_2013_7_26_17.csv.gz
475,/srv/data/twitter_sentiment/2013/bert_sentiment_2013_7_27_01.csv.gz
476,/srv/data/twitter_sentiment/2013/bert_sentiment_2013_7_27_04.csv.gz
477,/srv/data/twitter_sentiment/2013/bert_sentiment_2013_7_27_08.csv.gz
478,/srv/data/twitter_sentiment/2013/bert_sentiment_2013_7_27_11.csv.gz
479,/srv/data/twitter_sentiment/2013/bert_sentiment_2013_7_28_09.csv.gz
480,/srv/data/twitter_sentiment/2013/bert_sentiment_2013_7_28_16.csv.gz
481,/srv/data/twitter_sentiment/2013/bert_sentiment_2013_7_28_18.csv.gz
482,/srv/data/twitter_sentiment/2013/bert_sentiment_2013_7_28_19.csv.gz
483,/srv/data/twitter_sentiment/2013/bert_sentiment_2013_7_29_01.csv.gz
484,/srv/data/twitter_sentiment/2013/bert_sentiment_2013_7_29_03.csv.gz
485,/srv/data/twitter_sentiment/2013/bert_sentiment_2013_7_29_05.csv.gz
486,/srv/data/twitter_sentiment/2013/bert_sentiment_2013_7_29_07.csv.gz
487,/srv/data/twitter_sentiment/2013/bert_sentiment_2013_7_29_08.csv.gz
488,/srv/data/twitter_sentiment/2013/bert_sentiment_2013_7_29_10.csv.gz
489,/srv/data/twitter_sentiment/2013/bert_sentiment_2013_7_29_19.csv.gz
490,/srv/data/twitter_sentiment/2013/bert_sentiment_2013_7_29_22.csv.gz
491,/srv/data/twitter_sentiment/2013/bert_sentiment_2013_7_29_23.csv.gz
492,/srv/data/twitter_sentiment/2013/bert_sentiment_2013_7_30_01.csv.gz
493,/srv/data/twitter_sentiment/2013/bert_sentiment_2013_7_30_07.csv.gz
494,/srv/data/twitter_sentiment/2013/bert_sentiment_2013_7_30_08.csv.gz
495,/srv/data/twitter_sentiment/2013/bert_sentiment_2013_7_30_09.csv.gz
496,/srv/data/twitter_sentiment/2013/bert_sentiment_2013_7_30_12.csv.gz
497,/srv/data/twitter_sentiment/2013/bert_sentiment_2013_7_30_20.csv.gz
498,/srv/data/twitter_sentiment/2013/bert_sentiment_2013_7_30_22.csv.gz
499,/srv/data/twitter_sentiment/2013/bert_sentiment_2013_7_31_03.csv.gz
500,/srv/data/twitter_sentiment/2013/bert_sentiment_2013_7_31_07.csv.gz
501,/srv/data/twitter_sentiment/2013/bert_sentiment_2013_7_31_09.csv.gz
502,/srv/data/twitter_sentiment/2013/bert_sentiment_2013_7_31_10.csv.gz
503,/srv/data/twitter_sentiment/2013/bert_sentiment_2013_7_31_12.csv.gz
504,/srv/data/twitter_sentiment/2013/bert_sentiment_2013_7_31_14.csv.gz
505,/srv/data/twitter_sentiment/2013/bert_sentiment_2013_7_31_16.csv.gz
506,/srv/data/twitter_sentiment/2013/bert_sentiment_2013_7_31_20.csv.gz
507,/srv/data/twitter_sentiment/2013/bert_sentiment_2013_8_01_00.csv.gz
508,/srv/data/twitter_sentiment/2013/bert_sentiment_2013_8_01_01.csv.gz
509,/srv/data/twitter_sentiment/2013/bert_sentiment_2013_8_01_02.csv.gz
510,/srv/data/twitter_sentiment/2013/bert_sentiment_2013_8_01_03.csv.gz
511,/srv/data/twitter_sentiment/2013/bert_sentiment_2013_8_01_04.csv.gz
512,/srv/data/twitter_sentiment/2013/bert_sentiment_2013_8_01_05.csv.gz
513,/srv/data/twitter_sentiment/2013/bert_sentiment_2013_8_01_06.csv.gz
514,/srv/data/twitter_sentiment/2013/bert_sentiment_2013_8_01_19.csv.gz
515,/srv/data/twitter_sentiment/2013/bert_sentiment_2013_8_02_02.csv.gz
516,/srv/data/twitter_sentiment/2013/bert_sentiment_2013_8_02_07.csv.gz
517,/srv/data/twitter_sentiment/2013/bert_sentiment_2013_8_02_11.csv.gz
518,/srv/data/twitter_sentiment/2013/bert_sentiment_2013_8_03_00.csv.gz
519,/srv/data/twitter_sentiment/2013/bert_sentiment_2013_8_03_02.csv.gz
520,/srv/data/twitter_sentiment/2013/bert_sentiment_2013_8_03_05.csv.gz
521,/srv/data/twitter_sentiment/2013/bert_sentiment_2013_8_03_06.csv.gz
522,/srv/data/twitter_sentiment/2013/bert_sentiment_2013_8_03_07.csv.gz
523,/srv/data/twitter_sentiment/2013/bert_sentiment_2013_8_03_10.csv.gz
524,/srv/data/twitter_sentiment/2013/bert_sentiment_2013_8_03_12.csv.gz
525,/srv/data/twitter_sentiment/2013/bert_sentiment_2013_8_03_13.csv.gz
526,/srv/data/twitter_sentiment/2013/bert_sentiment_2013_8_03_17.csv.gz
527,/srv/data/twitter_sentiment/2013/bert_sentiment_2013_8_04_01.csv.gz
528,/srv/data/twitter_sentiment/2013/bert_sentiment_2013_8_04_06.csv.gz
529,/srv/data/twitter_sentiment/2013/bert_sentiment_2013_8_04_09.csv.gz
530,/srv/data/twitter_sentiment/2013/bert_sentiment_2013_8_04_10.csv.gz
531,/srv/data/twitter_sentiment/2013/bert_sentiment_2013_8_04_12.csv.gz
532,/srv/data/twitter_sentiment/2013/bert_sentiment_2013_8_04_14.csv.gz
533,/srv/data/twitter_sentiment/2013/bert_sentiment_2013_8_04_16.csv.gz
534,/srv/data/twitter_sentiment/2013/bert_sentiment_2013_8_05_00.csv.gz
535,/srv/data/twitter_sentiment/2013/bert_sentiment_2013_8_05_05.csv.gz
536,/srv/data/twitter_sentiment/2013/bert_sentiment_2013_8_05_06.csv.gz
537,/srv/data/twitter_sentiment/2013/bert_sentiment_2013_8_05_07.csv.gz
538,/srv/data/twitter_sentiment/2013/bert_sentiment_2013_8_05_12.csv.gz
539,/srv/data/twitter_sentiment/2013/bert_sentiment_2013_8_06_03.csv.gz
540,/srv/data/twitter_sentiment/2013/bert_sentiment_2013_8_06_06.csv.gz
541,/srv/data/twitter_sentiment/2013/bert_sentiment_2013_8_06_07.csv.gz
542,/srv/data/twitter_sentiment/2013/bert_sentiment_2013_8_06_10.csv.gz
543,/srv/data/twitter_sentiment/2013/bert_sentiment_2013_8_06_15.csv.gz
544,/srv/data/twitter_sentiment/2013/bert_sentiment_2013_8_06_17.csv.gz
545,/srv/data/twitter_sentiment/2013/bert_sentiment_2013_8_06_20.csv.gz
546,/srv/data/twitter_sentiment/2013/bert_sentiment_2013_8_06_22.csv.gz
547,/srv/data/twitter_sentiment/2013/bert_sentiment_2013_8_07_07.csv.gz
548,/srv/data/twitter_sentiment/2013/bert_sentiment_2013_8_07_12.csv.gz
549,/srv/data/twitter_sentiment/2013/bert_sentiment_2013_8_07_14.csv.gz
550,/srv/data/twitter_sentiment/2013/bert_sentiment_2013_8_07_16.csv.gz
551,/srv/data/twitter_sentiment/2013/bert_sentiment_2013_8_07_21.csv.gz
552,/srv/data/twitter_sentiment/2013/bert_sentiment_2013_8_08_02.csv.gz
553,/srv/data/twitter_sentiment/2013/bert_sentiment_2013_8_08_05.csv.gz
554,/srv/data/twitter_sentiment/2013/bert_sentiment_2013_8_08_06.csv.gz
555,/srv/data/twitter_sentiment/2013/bert_sentiment_2013_8_08_07.csv.gz
556,/srv/data/twitter_sentiment/2013/bert_sentiment_2013_8_08_08.csv.gz
557,/srv/data/twitter_sentiment/2013/bert_sentiment_2013_8_08_09.csv.gz
558,/srv/data/twitter_sentiment/2013/bert_sentiment_2013_8_08_10.csv.gz
559,/srv/data/twitter_sentiment/2013/bert_sentiment_2013_8_08_12.csv.gz
560,/srv/data/twitter_sentiment/2013/bert_sentiment_2013_8_08_13.csv.gz
561,/srv/data/twitter_sentiment/2013/bert_sentiment_2013_8_08_14.csv.gz
562,/srv/data/twitter_sentiment/2013/bert_sentiment_2013_8_08_15.csv.gz
563,/srv/data/twitter_sentiment/2013/bert_sentiment_2013_8_08_18.csv.gz
564,/srv/data/twitter_sentiment/2013/bert_sentiment_2013_8_08_20.csv.gz
565,/srv/data/twitter_sentiment/2013/bert_sentiment_2013_8_08_22.csv.gz
566,/srv/data/twitter_sentiment/2013/bert_sentiment_2013_8_08_23.csv.gz
567,/srv/data/twitter_sentiment/2013/bert_sentiment_2013_8_09_07.csv.gz
568,/srv/data/twitter_sentiment/2013/bert_sentiment_2013_8_09_11.csv.gz
569,/srv/data/twitter_sentiment/2013/bert_sentiment_2013_8_09_15.csv.gz
570,/srv/data/twitter_sentiment/2013/bert_sentiment_2013_8_10_03.csv.gz
571,/srv/data/twitter_sentiment/2013/bert_sentiment_2013_8_10_04.csv.gz
572,/srv/data/twitter_sentiment/2013/bert_sentiment_2013_8_10_05.csv.gz
573,/srv/data/twitter_sentiment/2013/bert_sentiment_2013_8_10_08.csv.gz
574,/srv/data/twitter_sentiment/2013/bert_sentiment_2013_8_10_10.csv.gz
575,/srv/data/twitter_sentiment/2013/bert_sentiment_2013_8_10_11.csv.gz
576,/srv/data/twitter_sentiment/2013/bert_sentiment_2013_8_10_12.csv.gz
577,/srv/data/twitter_sentiment/2013/bert_sentiment_2013_8_10_17.csv.gz
578,/srv/data/twitter_sentiment/2013/bert_sentiment_2013_8_10_19.csv.gz
579,/srv/data/twitter_sentiment/2013/bert_sentiment_2013_8_10_23.csv.gz
580,/srv/data/twitter_sentiment/2013/bert_sentiment_2013_8_11_03.csv.gz
581,/srv/data/twitter_sentiment/2013/bert_sentiment_2013_8_11_06.csv.gz
582,/srv/data/twitter_sentiment/2013/bert_sentiment_2013_8_11_13.csv.gz
583,/srv/data/twitter_sentiment/2013/bert_sentiment_2013_8_11_14.csv.gz
584,/srv/data/twitter_sentiment/2013/bert_sentiment_2013_8_11_16.csv.gz
585,/srv/data/twitter_sentiment/2013/bert_sentiment_2013_8_11_17.csv.gz
586,/srv/data/twitter_sentiment/2013/bert_sentiment_2013_8_11_20.csv.gz
587,/srv/data/twitter_sentiment/2013/bert_sentiment_2013_8_11_23.csv.gz
588,/srv/data/twitter_sentiment/2013/bert_sentiment_2013_8_12_04.csv.gz
589,/srv/data/twitter_sentiment/2013/bert_sentiment_2013_8_12_07.csv.gz
590,/srv/data/twitter_sentiment/2013/bert_sentiment_2013_8_12_09.csv.gz
591,/srv/data/twitter_sentiment/2013/bert_sentiment_2013_8_12_12.csv.gz
592,/srv/data/twitter_sentiment/2013/bert_sentiment_2013_8_12_13.csv.gz
593,/srv/data/twitter_sentiment/2013/bert_sentiment_2013_8_12_23.csv.gz
594,/srv/data/twitter_sentiment/2013/bert_sentiment_2013_8_13_08.csv.gz
595,/srv/data/twitter_sentiment/2013/bert_sentiment_2013_8_13_17.csv.gz
596,/srv/data/twitter_sentiment/2013/bert_sentiment_2013_8_13_19.csv.gz
597,/srv/data/twitter_sentiment/2013/bert_sentiment_2013_8_13_22.csv.gz
598,/srv/data/twitter_sentiment/2013/bert_sentiment_2013_8_14_01.csv.gz
599,/srv/data/twitter_sentiment/2013/bert_sentiment_2013_8_14_07.csv.gz
600,/srv/data/twitter_sentiment/2013/bert_sentiment_2013_8_14_08.csv.gz
601,/srv/data/twitter_sentiment/2013/bert_sentiment_2013_8_14_09.csv.gz
602,/srv/data/twitter_sentiment/2013/bert_sentiment_2013_8_14_13.csv.gz
603,/srv/data/twitter_sentiment/2013/bert_sentiment_2013_8_14_18.csv.gz
604,/srv/data/twitter_sentiment/2013/bert_sentiment_2013_8_14_19.csv.gz
605,/srv/data/twitter_sentiment/2013/bert_sentiment_2013_8_15_00.csv.gz
606,/srv/data/twitter_sentiment/2013/bert_sentiment_2013_8_15_05.csv.gz
607,/srv/data/twitter_sentiment/2013/bert_sentiment_2013_8_15_07.csv.gz
608,/srv/data/twitter_sentiment/2013/bert_sentiment_2013_8_15_09.csv.gz
609,/srv/data/twitter_sentiment/2013/bert_sentiment_2013_8_15_10.csv.gz
610,/srv/data/twitter_sentiment/2013/bert_sentiment_2013_8_15_15.csv.gz
611,/srv/data/twitter_sentiment/2013/bert_sentiment_2013_8_15_18.csv.gz
612,/srv/data/twitter_sentiment/2013/bert_sentiment_2013_8_15_21.csv.gz
613,/srv/data/twitter_sentiment/2013/bert_sentiment_2013_8_16_04.csv.gz
614,/srv/data/twitter_sentiment/2013/bert_sentiment_2013_8_16_05.csv.gz
615,/srv/data/twitter_sentiment/2013/bert_sentiment_2013_8_16_11.csv.gz
616,/srv/data/twitter_sentiment/2013/bert_sentiment_2013_8_16_12.csv.gz
617,/srv/data/twitter_sentiment/2013/bert_sentiment_2013_8_17_03.csv.gz
618,/srv/data/twitter_sentiment/2013/bert_sentiment_2013_8_17_07.csv.gz
619,/srv/data/twitter_sentiment/2013/bert_sentiment_2013_8_17_09.csv.gz
620,/srv/data/twitter_sentiment/2013/bert_sentiment_2013_8_17_10.csv.gz
621,/srv/data/twitter_sentiment/2013/bert_sentiment_2013_8_17_11.csv.gz
622,/srv/data/twitter_sentiment/2013/bert_sentiment_2013_8_17_17.csv.gz
623,/srv/data/twitter_sentiment/2013/bert_sentiment_2013_8_17_18.csv.gz
624,/srv/data/twitter_sentiment/2013/bert_sentiment_2013_8_18_05.csv.gz
625,/srv/data/twitter_sentiment/2013/bert_sentiment_2013_8_18_07.csv.gz
626,/srv/data/twitter_sentiment/2013/bert_sentiment_2013_8_18_11.csv.gz
627,/srv/data/twitter_sentiment/2013/bert_sentiment_2013_8_18_13.csv.gz
628,/srv/data/twitter_sentiment/2013/bert_sentiment_2013_8_18_23.csv.gz
629,/srv/data/twitter_sentiment/2013/bert_sentiment_2013_8_19_06.csv.gz
630,/srv/data/twitter_sentiment/2013/bert_sentiment_2013_8_19_07.csv.gz
631,/srv/data/twitter_sentiment/2013/bert_sentiment_2013_8_19_09.csv.gz
632,/srv/data/twitter_sentiment/2013/bert_sentiment_2013_8_19_15.csv.gz
633,/srv/data/twitter_sentiment/2013/bert_sentiment_2013_8_20_01.csv.gz
634,/srv/data/twitter_sentiment/2013/bert_sentiment_2013_8_20_06.csv.gz
635,/srv/data/twitter_sentiment/2013/bert_sentiment_2013_8_20_07.csv.gz
636,/srv/data/twitter_sentiment/2013/bert_sentiment_2013_8_20_11.csv.gz
637,/srv/data/twitter_sentiment/2013/bert_sentiment_2013_8_20_13.csv.gz
638,/srv/data/twitter_sentiment/2013/bert_sentiment_2013_8_20_20.csv.gz
639,/srv/data/twitter_sentiment/2013/bert_sentiment_2013_8_21_00.csv.gz
640,/srv/data/twitter_sentiment/2013/bert_sentiment_2013_8_21_03.csv.gz
641,/srv/data/twitter_sentiment/2013/bert_sentiment_2013_8_21_05.csv.gz
642,/srv/data/twitter_sentiment/2013/bert_sentiment_2013_8_21_07.csv.gz
643,/srv/data/twitter_sentiment/2013/bert_sentiment_2013_8_21_08.csv.gz
644,/srv/data/twitter_sentiment/2013/bert_sentiment_2013_8_21_11.csv.gz
645,/srv/data/twitter_sentiment/2013/bert_sentiment_2013_8_21_12.csv.gz
646,/srv/data/twitter_sentiment/2013/bert_sentiment_2013_8_21_14.csv.gz
647,/srv/data/twitter_sentiment/2013/bert_sentiment_2013_8_21_15.csv.gz
648,/srv/data/twitter_sentiment/2013/bert_sentiment_2013_8_21_20.csv.gz
649,/srv/data/twitter_sentiment/2013/bert_sentiment_2013_8_22_02.csv.gz
650,/srv/data/twitter_sentiment/2013/bert_sentiment_2013_8_22_10.csv.gz
651,/srv/data/twitter_sentiment/2013/bert_sentiment_2013_8_22_14.csv.gz
652,/srv/data/twitter_sentiment/2013/bert_sentiment_2013_8_22_19.csv.gz
653,/srv/data/twitter_sentiment/2013/bert_sentiment_2013_8_22_20.csv.gz
654,/srv/data/twitter_sentiment/2013/bert_sentiment_2013_8_23_01.csv.gz
655,/srv/data/twitter_sentiment/2013/bert_sentiment_2013_8_23_05.csv.gz
656,/srv/data/twitter_sentiment/2013/bert_sentiment_2013_8_23_06.csv.gz
657,/srv/data/twitter_sentiment/2013/bert_sentiment_2013_8_23_07.csv.gz
658,/srv/data/twitter_sentiment/2013/bert_sentiment_2013_8_23_10.csv.gz
659,/srv/data/twitter_sentiment/2013/bert_sentiment_2013_8_23_14.csv.gz
660,/srv/data/twitter_sentiment/2013/bert_sentiment_2013_8_23_15.csv.gz
661,/srv/data/twitter_sentiment/2013/bert_sentiment_2013_8_24_00.csv.gz
662,/srv/data/twitter_sentiment/2013/bert_sentiment_2013_8_24_05.csv.gz
663,/srv/data/twitter_sentiment/2013/bert_sentiment_2013_8_24_10.csv.gz
664,/srv/data/twitter_sentiment/2013/bert_sentiment_2013_8_24_11.csv.gz
665,/srv/data/twitter_sentiment/2013/bert_sentiment_2013_8_24_12.csv.gz
666,/srv/data/twitter_sentiment/2013/bert_sentiment_2013_8_24_15.csv.gz
667,/srv/data/twitter_sentiment/2013/bert_sentiment_2013_8_25_00.csv.gz
668,/srv/data/twitter_sentiment/2013/bert_sentiment_2013_8_25_01.csv.gz
669,/srv/data/twitter_sentiment/2013/bert_sentiment_2013_8_25_02.csv.gz
670,/srv/data/twitter_sentiment/2013/bert_sentiment_2013_8_25_07.csv.gz
671,/srv/data/twitter_sentiment/2013/bert_sentiment_2013_8_25_09.csv.gz
672,/srv/data/twitter_sentiment/2013/bert_sentiment_2013_8_25_10.csv.gz
673,/srv/data/twitter_sentiment/2013/bert_sentiment_2013_8_25_11.csv.gz
674,/srv/data/twitter_sentiment/2013/bert_sentiment_2013_8_25_17.csv.gz
675,/srv/data/twitter_sentiment/2013/bert_sentiment_2013_8_25_18.csv.gz
676,/srv/data/twitter_sentiment/2013/bert_sentiment_2013_8_26_05.csv.gz
677,/srv/data/twitter_sentiment/2013/bert_sentiment_2013_8_26_07.csv.gz
678,/srv/data/twitter_sentiment/2013/bert_sentiment_2013_8_26_09.csv.gz
679,/srv/data/twitter_sentiment/2013/bert_sentiment_2013_8_26_11.csv.gz
680,/srv/data/twitter_sentiment/2013/bert_sentiment_2013_8_26_16.csv.gz
681,/srv/data/twitter_sentiment/2013/bert_sentiment_2013_8_26_18.csv.gz
682,/srv/data/twitter_sentiment/2013/bert_sentiment_2013_8_26_20.csv.gz
683,/srv/data/twitter_sentiment/2013/bert_sentiment_2013_8_27_00.csv.gz
684,/srv/data/twitter_sentiment/2013/bert_sentiment_2013_8_27_05.csv.gz
685,/srv/data/twitter_sentiment/2013/bert_sentiment_2013_8_27_06.csv.gz
686,/srv/data/twitter_sentiment/2013/bert_sentiment_2013_8_27_07.csv.gz
687,/srv/data/twitter_sentiment/2013/bert_sentiment_2013_8_27_08.csv.gz
688,/srv/data/twitter_sentiment/2013/bert_sentiment_2013_8_27_13.csv.gz
689,/srv/data/twitter_sentiment/2013/bert_sentiment_2013_8_27_14.csv.gz
690,/srv/data/twitter_sentiment/2013/bert_sentiment_2013_8_27_15.csv.gz
691,/srv/data/twitter_sentiment/2013/bert_sentiment_2013_8_27_17.csv.gz
692,/srv/data/twitter_sentiment/2013/bert_sentiment_2013_8_27_23.csv.gz
693,/srv/data/twitter_sentiment/2013/bert_sentiment_2013_8_28_01.csv.gz
694,/srv/data/twitter_sentiment/2013/bert_sentiment_2013_8_28_02.csv.gz
695,/srv/data/twitter_sentiment/2013/bert_sentiment_2013_8_28_03.csv.gz
696,/srv/data/twitter_sentiment/2013/bert_sentiment_2013_8_28_06.csv.gz
697,/srv/data/twitter_sentiment/2013/bert_sentiment_2013_8_28_08.csv.gz
698,/srv/data/twitter_sentiment/2013/bert_sentiment_2013_8_28_13.csv.gz
699,/srv/data/twitter_sentiment/2013/bert_sentiment_2013_8_28_18.csv.gz
700,/srv/data/twitter_sentiment/2013/bert_sentiment_2013_8_29_05.csv.gz
701,/srv/data/twitter_sentiment/2013/bert_sentiment_2013_8_29_06.csv.gz
702,/srv/data/twitter_sentiment/2013/bert_sentiment_2013_8_29_07.csv.gz
703,/srv/data/twitter_sentiment/2013/bert_sentiment_2013_8_29_13.csv.gz
704,/srv/data/twitter_sentiment/2013/bert_sentiment_2013_8_29_16.csv.gz
705,/srv/data/twitter_sentiment/2013/bert_sentiment_2013_8_30_02.csv.gz
706,/srv/data/twitter_sentiment/2013/bert_sentiment_2013_8_30_04.csv.gz
707,/srv/data/twitter_sentiment/2013/bert_sentiment_2013_8_30_05.csv.gz
708,/srv/data/twitter_sentiment/2013/bert_sentiment_2013_8_30_07.csv.gz
709,/srv/data/twitter_sentiment/2013/bert_sentiment_2013_8_30_09.csv.gz
710,/srv/data/twitter_sentiment/2013/bert_sentiment_2013_8_30_23.csv.gz
711,/srv/data/twitter_sentiment/2013/bert_sentiment_2013_8_31_00.csv.gz
712,/srv/data/twitter_sentiment/2013/bert_sentiment_2013_8_31_04.csv.gz
713,/srv/data/twitter_sentiment/2013/bert_sentiment_2013_8_31_05.csv.gz
714,/srv/data/twitter_sentiment/2013/bert_sentiment_2013_8_31_07.csv.gz
715,/srv/data/twitter_sentiment/2013/bert_sentiment_2013_8_31_08.csv.gz
716,/srv/data/twitter_sentiment/2013/bert_sentiment_2013_8_31_14.csv.gz
717,/srv/data/twitter_sentiment/2013/bert_sentiment_2013_9_01_07.csv.gz
718,/srv/data/twitter_sentiment/2013/bert_sentiment_2013_9_01_08.csv.gz
719,/srv/data/twitter_sentiment/2013/bert_sentiment_2013_9_01_09.csv.gz
720,/srv/data/twitter_sentiment/2013/bert_sentiment_2013_9_01_14.csv.gz
721,/srv/data/twitter_sentiment/2013/bert_sentiment_2013_9_01_23.csv.gz
722,/srv/data/twitter_sentiment/2013/bert_sentiment_2013_9_02_02.csv.gz
723,/srv/data/twitter_sentiment/2013/bert_sentiment_2013_9_02_03.csv.gz
724,/srv/data/twitter_sentiment/2013/bert_sentiment_2013_9_02_08.csv.gz
725,/srv/data/twitter_sentiment/2013/bert_sentiment_2013_9_02_10.csv.gz
726,/srv/data/twitter_sentiment/2013/bert_sentiment_2013_9_02_11.csv.gz
727,/srv/data/twitter_sentiment/2013/bert_sentiment_2013_9_02_12.csv.gz
728,/srv/data/twitter_sentiment/2013/bert_sentiment_2013_9_02_21.csv.gz
729,/srv/data/twitter_sentiment/2013/bert_sentiment_2013_9_03_05.csv.gz
730,/srv/data/twitter_sentiment/2013/bert_sentiment_2013_9_03_08.csv.gz
731,/srv/data/twitter_sentiment/2013/bert_sentiment_2013_9_03_12.csv.gz
732,/srv/data/twitter_sentiment/2013/bert_sentiment_2013_9_03_14.csv.gz
733,/srv/data/twitter_sentiment/2013/bert_sentiment_2013_9_03_20.csv.gz
734,/srv/data/twitter_sentiment/2013/bert_sentiment_2013_9_04_03.csv.gz
735,/srv/data/twitter_sentiment/2013/bert_sentiment_2013_9_04_04.csv.gz
736,/srv/data/twitter_sentiment/2013/bert_sentiment_2013_9_04_06.csv.gz
737,/srv/data/twitter_sentiment/2013/bert_sentiment_2013_9_04_07.csv.gz
738,/srv/data/twitter_sentiment/2013/bert_sentiment_2013_9_04_15.csv.gz
739,/srv/data/twitter_sentiment/2013/bert_sentiment_2013_9_04_18.csv.gz
740,/srv/data/twitter_sentiment/2013/bert_sentiment_2013_9_05_00.csv.gz
741,/srv/data/twitter_sentiment/2013/bert_sentiment_2013_9_05_02.csv.gz
742,/srv/data/twitter_sentiment/2013/bert_sentiment_2013_9_05_06.csv.gz
743,/srv/data/twitter_sentiment/2013/bert_sentiment_2013_9_05_08.csv.gz
744,/srv/data/twitter_sentiment/2013/bert_sentiment_2013_9_05_10.csv.gz
745,/srv/data/twitter_sentiment/2013/bert_sentiment_2013_9_05_18.csv.gz
746,/srv/data/twitter_sentiment/2013/bert_sentiment_2013_9_05_20.csv.gz
747,/srv/data/twitter_sentiment/2013/bert_sentiment_2013_9_06_02.csv.gz
748,/srv/data/twitter_sentiment/2013/bert_sentiment_2013_9_06_03.csv.gz
749,/srv/data/twitter_sentiment/2013/bert_sentiment_2013_9_06_06.csv.gz
750,/srv/data/twitter_sentiment/2013/bert_sentiment_2013_9_06_08.csv.gz
751,/srv/data/twitter_sentiment/2013/bert_sentiment_2013_9_06_09.csv.gz
752,/srv/data/twitter_sentiment/2013/bert_sentiment_2013_9_06_11.csv.gz
753,/srv/data/twitter_sentiment/2013/bert_sentiment_2013_9_06_14.csv.gz
754,/srv/data/twitter_sentiment/2013/bert_sentiment_2013_9_06_19.csv.gz
755,/srv/data/twitter_sentiment/2013/bert_sentiment_2013_9_07_00.csv.gz
756,/srv/data/twitter_sentiment/2013/bert_sentiment_2013_9_07_01.csv.gz
757,/srv/data/twitter_sentiment/2013/bert_sentiment_2013_9_07_03.csv.gz
758,/srv/data/twitter_sentiment/2013/bert_sentiment_2013_9_07_07.csv.gz
759,/srv/data/twitter_sentiment/2013/bert_sentiment_2013_9_07_08.csv.gz
760,/srv/data/twitter_sentiment/2013/bert_sentiment_2013_9_07_09.csv.gz
761,/srv/data/twitter_sentiment/2013/bert_sentiment_2013_9_07_12.csv.gz
762,/srv/data/twitter_sentiment/2013/bert_sentiment_2013_9_07_23.csv.gz
763,/srv/data/twitter_sentiment/2013/bert_sentiment_2013_9_08_02.csv.gz
764,/srv/data/twitter_sentiment/2013/bert_sentiment_2013_9_08_05.csv.gz
765,/srv/data/twitter_sentiment/2013/bert_sentiment_2013_9_08_09.csv.gz
766,/srv/data/twitter_sentiment/2013/bert_sentiment_2013_9_08_13.csv.gz
767,/srv/data/twitter_sentiment/2013/bert_sentiment_2013_9_08_14.csv.gz
768,/srv/data/twitter_sentiment/2013/bert_sentiment_2013_9_08_18.csv.gz
769,/srv/data/twitter_sentiment/2013/bert_sentiment_2013_9_09_01.csv.gz
770,/srv/data/twitter_sentiment/2013/bert_sentiment_2013_9_09_05.csv.gz
771,/srv/data/twitter_sentiment/2013/bert_sentiment_2013_9_09_08.csv.gz
772,/srv/data/twitter_sentiment/2013/bert_sentiment_2013_9_09_10.csv.gz
773,/srv/data/twitter_sentiment/2013/bert_sentiment_2013_9_09_13.csv.gz
774,/srv/data/twitter_sentiment/2013/bert_sentiment_2013_9_09_15.csv.gz
775,/srv/data/twitter_sentiment/2013/bert_sentiment_2013_9_09_19.csv.gz
776,/srv/data/twitter_sentiment/2013/bert_sentiment_2013_9_10_02.csv.gz
777,/srv/data/twitter_sentiment/2013/bert_sentiment_2013_9_10_03.csv.gz
778,/srv/data/twitter_sentiment/2013/bert_sentiment_2013_9_10_07.csv.gz
779,/srv/data/twitter_sentiment/2013/bert_sentiment_2013_9_10_09.csv.gz
780,/srv/data/twitter_sentiment/2013/bert_sentiment_2013_9_10_12.csv.gz
781,/srv/data/twitter_sentiment/2013/bert_sentiment_2013_9_10_14.csv.gz
782,/srv/data/twitter_sentiment/2013/bert_sentiment_2013_9_10_17.csv.gz
783,/srv/data/twitter_sentiment/2013/bert_sentiment_2013_9_10_18.csv.gz
784,/srv/data/twitter_sentiment/2013/bert_sentiment_2013_9_10_22.csv.gz
785,/srv/data/twitter_sentiment/2013/bert_sentiment_2013_9_11_03.csv.gz
786,/srv/data/twitter_sentiment/2013/bert_sentiment_2013_9_11_05.csv.gz
787,/srv/data/twitter_sentiment/2013/bert_sentiment_2013_9_11_07.csv.gz
788,/srv/data/twitter_sentiment/2013/bert_sentiment_2013_9_11_22.csv.gz
789,/srv/data/twitter_sentiment/2013/bert_sentiment_2013_9_12_06.csv.gz
790,/srv/data/twitter_sentiment/2013/bert_sentiment_2013_9_12_10.csv.gz
791,/srv/data/twitter_sentiment/2013/bert_sentiment_2013_9_12_11.csv.gz
792,/srv/data/twitter_sentiment/2013/bert_sentiment_2013_9_12_22.csv.gz
793,/srv/data/twitter_sentiment/2013/bert_sentiment_2013_9_13_05.csv.gz
794,/srv/data/twitter_sentiment/2013/bert_sentiment_2013_9_13_07.csv.gz
795,/srv/data/twitter_sentiment/2013/bert_sentiment_2013_9_13_14.csv.gz
796,/srv/data/twitter_sentiment/2013/bert_sentiment_2013_9_14_07.csv.gz
797,/srv/data/twitter_sentiment/2013/bert_sentiment_2013_9_14_08.csv.gz
798,/srv/data/twitter_sentiment/2013/bert_sentiment_2013_9_14_09.csv.gz
799,/srv/data/twitter_sentiment/2013/bert_sentiment_2013_9_14_10.csv.gz
800,/srv/data/twitter_sentiment/2013/bert_sentiment_2013_9_14_20.csv.gz
801,/srv/data/twitter_sentiment/2013/bert_sentiment_2013_9_15_00.csv.gz
802,/srv/data/twitter_sentiment/2013/bert_sentiment_2013_9_15_06.csv.gz
803,/srv/data/twitter_sentiment/2013/bert_sentiment_2013_9_15_12.csv.gz
804,/srv/data/twitter_sentiment/2013/bert_sentiment_2013_9_16_05.csv.gz
805,/srv/data/twitter_sentiment/2013/bert_sentiment_2013_9_16_09.csv.gz
806,/srv/data/twitter_sentiment/2013/bert_sentiment_2013_9_16_11.csv.gz
807,/srv/data/twitter_sentiment/2013/bert_sentiment_2013_9_16_23.csv.gz
808,/srv/data/twitter_sentiment/2013/bert_sentiment_2013_9_17_00.csv.gz
809,/srv/data/twitter_sentiment/2013/bert_sentiment_2013_9_17_01.csv.gz
810,/srv/data/twitter_sentiment/2013/bert_sentiment_2013_9_17_02.csv.gz
811,/srv/data/twitter_sentiment/2013/bert_sentiment_2013_9_17_04.csv.gz
812,/srv/data/twitter_sentiment/2013/bert_sentiment_2013_9_17_07.csv.gz
813,/srv/data/twitter_sentiment/2013/bert_sentiment_2013_9_17_09.csv.gz
814,/srv/data/twitter_sentiment/2013/bert_sentiment_2013_9_17_10.csv.gz
815,/srv/data/twitter_sentiment/2013/bert_sentiment_2013_9_17_14.csv.gz
816,/srv/data/twitter_sentiment/2013/bert_sentiment_2013_9_17_15.csv.gz
817,/srv/data/twitter_sentiment/2013/bert_sentiment_2013_9_17_20.csv.gz
818,/srv/data/twitter_sentiment/2013/bert_sentiment_2013_9_18_01.csv.gz
819,/srv/data/twitter_sentiment/2013/bert_sentiment_2013_9_18_05.csv.gz
820,/srv/data/twitter_sentiment/2013/bert_sentiment_2013_9_18_06.csv.gz
821,/srv/data/twitter_sentiment/2013/bert_sentiment_2013_9_18_08.csv.gz
822,/srv/data/twitter_sentiment/2013/bert_sentiment_2013_9_18_09.csv.gz
823,/srv/data/twitter_sentiment/2013/bert_sentiment_2013_9_18_14.csv.gz
824,/srv/data/twitter_sentiment/2013/bert_sentiment_2013_9_18_18.csv.gz
825,/srv/data/twitter_sentiment/2013/bert_sentiment_2013_9_18_20.csv.gz
826,/srv/data/twitter_sentiment/2013/bert_sentiment_2013_9_19_01.csv.gz
827,/srv/data/twitter_sentiment/2013/bert_sentiment_2013_9_19_03.csv.gz
828,/srv/data/twitter_sentiment/2013/bert_sentiment_2013_9_19_05.csv.gz
829,/srv/data/twitter_sentiment/2013/bert_sentiment_2013_9_19_08.csv.gz
830,/srv/data/twitter_sentiment/2013/bert_sentiment_2013_9_19_11.csv.gz
831,/srv/data/twitter_sentiment/2013/bert_sentiment_2013_9_19_15.csv.gz
832,/srv/data/twitter_sentiment/2013/bert_sentiment_2013_9_20_12.csv.gz
833,/srv/data/twitter_sentiment/2013/bert_sentiment_2013_9_20_14.csv.gz
834,/srv/data/twitter_sentiment/2013/bert_sentiment_2013_9_20_17.csv.gz
835,/srv/data/twitter_sentiment/2013/bert_sentiment_2013_9_20_21.csv.gz
836,/srv/data/twitter_sentiment/2013/bert_sentiment_2013_9_20_22.csv.gz
837,/srv/data/twitter_sentiment/2013/bert_sentiment_2013_9_21_11.csv.gz
838,/srv/data/twitter_sentiment/2013/bert_sentiment_2013_9_21_17.csv.gz
839,/srv/data/twitter_sentiment/2013/bert_sentiment_2013_9_21_22.csv.gz
840,/srv/data/twitter_sentiment/2013/bert_sentiment_2013_9_21_23.csv.gz
841,/srv/data/twitter_sentiment/2013/bert_sentiment_2013_9_22_08.csv.gz
842,/srv/data/twitter_sentiment/2013/bert_sentiment_2013_9_22_11.csv.gz
843,/srv/data/twitter_sentiment/2013/bert_sentiment_2013_9_22_21.csv.gz
844,/srv/data/twitter_sentiment/2013/bert_sentiment_2013_9_23_00.csv.gz
845,/srv/data/twitter_sentiment/2013/bert_sentiment_2013_9_23_02.csv.gz
846,/srv/data/twitter_sentiment/2013/bert_sentiment_2013_9_23_09.csv.gz
847,/srv/data/twitter_sentiment/2013/bert_sentiment_2013_9_24_06.csv.gz
848,/srv/data/twitter_sentiment/2013/bert_sentiment_2013_9_24_07.csv.gz
849,/srv/data/twitter_sentiment/2013/bert_sentiment_2013_9_24_10.csv.gz
850,/srv/data/twitter_sentiment/2013/bert_sentiment_2013_11_01_07.csv.gz
851,/srv/data/twitter_sentiment/2013/bert_sentiment_2013_11_01_11.csv.gz
852,/srv/data/twitter_sentiment/2013/bert_sentiment_2013_11_01_16.csv.gz
853,/srv/data/twitter_sentiment/2013/bert_sentiment_2013_11_01_17.csv.gz
854,/srv/data/twitter_sentiment/2013/bert_sentiment_2013_11_02_02.csv.gz
855,/srv/data/twitter_sentiment/2013/bert_sentiment_2013_11_02_07.csv.gz
856,/srv/data/twitter_sentiment/2013/bert_sentiment_2013_11_02_08.csv.gz
857,/srv/data/twitter_sentiment/2013/bert_sentiment_2013_11_02_12.csv.gz
858,/srv/data/twitter_sentiment/2013/bert_sentiment_2013_11_02_16.csv.gz
859,/srv/data/twitter_sentiment/2013/bert_sentiment_2013_11_02_20.csv.gz
860,/srv/data/twitter_sentiment/2013/bert_sentiment_2013_11_03_00.csv.gz
861,/srv/data/twitter_sentiment/2013/bert_sentiment_2013_11_03_02.csv.gz
862,/srv/data/twitter_sentiment/2013/bert_sentiment_2013_11_03_03.csv.gz
863,/srv/data/twitter_sentiment/2013/bert_sentiment_2013_11_03_05.csv.gz
864,/srv/data/twitter_sentiment/2013/bert_sentiment_2013_11_03_06.csv.gz
865,/srv/data/twitter_sentiment/2013/bert_sentiment_2013_11_03_07.csv.gz
866,/srv/data/twitter_sentiment/2013/bert_sentiment_2013_11_03_09.csv.gz
867,/srv/data/twitter_sentiment/2013/bert_sentiment_2013_11_03_10.csv.gz
868,/srv/data/twitter_sentiment/2013/bert_sentiment_2013_11_03_13.csv.gz
869,/srv/data/twitter_sentiment/2013/bert_sentiment_2013_11_03_20.csv.gz
870,/srv/data/twitter_sentiment/2013/bert_sentiment_2013_11_03_21.csv.gz
871,/srv/data/twitter_sentiment/2013/bert_sentiment_2013_11_03_23.csv.gz
